Company,YC Page,Description,Industry,Company Website,Founders,founders_linkedin,founders_linkedin,founders_twitter,Founding Year,Headquarters
Fleetline,https://www.ycombinator.com/companies/fleetline,"Optimizing fleet planning with data driven algorithms. Founded in 2025 by Veer Juneja and Saurav Kumar, Fleetline has 2 employees based in San Francisco, CA, USA. Fleetline is hiring for 2 roles in engineering.",B2B;SUPPLY CHAIN AND LOGISTICS,,Saurav Kumar;Veer Juneja,https://linkedin.com/in/sauravml;https://www.linkedin.com/in/veer-juneja-67255417a/,https://linkedin.com/in/sauravml;https://www.linkedin.com/in/veer-juneja-67255417a/,https://twitter.com/sauravml;,,
PARES AI,https://www.ycombinator.com/companies/pares-ai,"Helping commercial real estate brokers find and close more deals. Founded in 2025 by Zihao Wang, PARES AI has 3 employees based in San Francisco, CA, USA.",REAL ESTATE AND CONSTRUCTION,,Zihao Wang,https://www.linkedin.com/in/zihao-wang-mh/,https://www.linkedin.com/in/zihao-wang-mh/,,,
Cacao,https://www.ycombinator.com/companies/cacao,"The Global Dollar App for Brazil. Founded in 2025 by Alec Howard, Carlos Jimenez, and Michael Mason, Cacao has 3 employees based in São Paulo, State of São Paulo, Brazil.",FINTECH,,Alec Howard;Carlos Jimenez;Michael Mason,https://linkedin.com/in/alexandermhoward;https://www.linkedin.com/in/carlosjimenezcastrillo/;https://www.linkedin.com/in/mason-michael/,https://linkedin.com/in/alexandermhoward;https://www.linkedin.com/in/carlosjimenezcastrillo/;https://www.linkedin.com/in/mason-michael/,https://x.com/alecmhoward;https://x.com/carlosjc__;,,
Shor,https://www.ycombinator.com/companies/shor,"The fastest, most affordable payroll for global teams. Founded in 2025 by Daivik Goel and Avi Konduru, Shor has 3 employees based in San Francisco, CA, USA.",FINTECH;PAYMENTS,,Daivik Goel;Avi Konduru,https://linkedin.com/in/daivikg;https://linkedin.com/in/kumaravinash-avi-konduru-54b3a6bb,https://linkedin.com/in/daivikg;https://linkedin.com/in/kumaravinash-avi-konduru-54b3a6bb,https://x.com/daivikgoel;https://x.com/avikonduru,,
Golpo,https://www.ycombinator.com/companies/golpo,"Most Powerful AI Video Gen Model for Explainer Videos From Documents. Founded in 2024 by Shraman Kar and Shreyas Kar, Golpo has 2 employees based in San Francisco, CA, USA.",B2B;PRODUCTIVITY,,Shraman Kar;Shreyas Kar;Golpo: The most powerful AI video generator for explainer videos,https://www.linkedin.com/in/shraman-kar/;https://www.linkedin.com/in/shreyas-kar/;https://www.linkedin.com/company/golpo-ai/,https://www.linkedin.com/in/shraman-kar/;https://www.linkedin.com/in/shreyas-kar/;https://www.linkedin.com/company/golpo-ai/,https://x.com/ShramanKar;https://x.com/KarShreyas;https://x.com/GolpoAI,,
Altur,https://www.ycombinator.com/companies/altur,"Voice AI Agents for Debt Collection. Founded in 2023 by Pedro Fernández and Luis Olave, Altur has 4 employees based in San Francisco, CA, USA.",B2B,,Luis Olave;Pedro Fernández,https://linkedin.com/in/luis-olave;https://www.linkedin.com/in/pedrofdzl,https://linkedin.com/in/luis-olave;https://www.linkedin.com/in/pedrofdzl,;,,
Avelis Health,https://www.ycombinator.com/companies/avelis-health,"Angel studied CS/Econ at Harvard and is a 3x founder. He scaled his first company to 60+ enterprise partnerships with financial institutions (Goldman Sachs, JPMorgan, Bank of America). In 2021, he and Ahmad founded Zuvy, a fintech company based in Nigeria, which was acquired by a PE firm in 2025. Earlier, Ahmad built healthcare data platforms for the Nigerian government, serving 20M+ people.",HEALTHCARE;HEALTHCARE IT,,Angel Onuoha;Ahmad Shehu,https://www.linkedin.com/in/angel-onuoha/;https://www.linkedin.com/in/ahmad-shehu/,https://www.linkedin.com/in/angel-onuoha/;https://www.linkedin.com/in/ahmad-shehu/,https://x.com/angelonuoha7;https://x.com/ahmxrd,,
Perspectives Health,https://www.ycombinator.com/companies/perspectives-health,"AI Agent for Clinic EMRs. Founded in 2024 by Eshan Dosani, Kyle Hyun Woo Jung, and Nicholas Kovalsky, Perspectives Health has 4 employees based in San Francisco, CA, USA.",HEALTHCARE;HEALTHCARE IT,,Eshan Dosani;Kyle Hyun Woo Jung;Nicholas Kovalsky,https://www.linkedin.com/in/eshan-dosani/;https://www.linkedin.com/in/kyle-hyun-woo-jung-a06814180/;https://www.linkedin.com/in/nicholaskovalsky/,https://www.linkedin.com/in/eshan-dosani/;https://www.linkedin.com/in/kyle-hyun-woo-jung-a06814180/;https://www.linkedin.com/in/nicholaskovalsky/,https://x.com/EshanDosani;;https://x.com/nickbuildin,,
Nautilus,https://www.ycombinator.com/companies/nautilus,"AI platform to grow and to optimize car washes. Founded in 2024 by Amayr Babar and Ali Sareini, Nautilus has 2 employees based in San Francisco, CA, USA.",B2B;SALES,,Amayr Babar;Ali Sareini,https://linkedin.com/in/amayrbabar;https://www.linkedin.com/in/alisareini/,https://linkedin.com/in/amayrbabar;https://www.linkedin.com/in/alisareini/,;,,
Paloma,https://www.ycombinator.com/companies/paloma,"AI-native CRM for putting post-sales operations on autopilot. Founded in 2025 by Alex Avnit, Nazli Danis, and Kaiwen Song, Paloma has 3 employees based in San Francisco, CA, USA.",B2B,,Nazli Danis;Alex Avnit;Kaiwen Song,https://www.linkedin.com/in/nazlidanis/;https://www.linkedin.com/in/alex-avnit-222b3611a/;https://www.linkedin.com/in/kaiwen-song/,https://www.linkedin.com/in/nazlidanis/;https://www.linkedin.com/in/alex-avnit-222b3611a/;https://www.linkedin.com/in/kaiwen-song/,https://x.com/nazlidanis;;,,
Async,https://www.ycombinator.com/companies/async,"AI-native Linear. Founded in 2025 by Paul Bae and Mikkel Kim, Async has 2 employees based in .",B2B;PRODUCTIVITY,,Paul Bae;Mikkel Kim,https://www.linkedin.com/in/pybae;https://www.linkedin.com/in/mikkel-kim-488b88b3,https://www.linkedin.com/in/pybae;https://www.linkedin.com/in/mikkel-kim-488b88b3,;,,
Humoniq,https://www.ycombinator.com/companies/humoniq,"AI-Native BPO for travel & transport. Founded in 2025 by Todd Sullivan and Will Weber, Humoniq has 2 employees based in San Francisco, CA, USA. Humoniq is hiring for 1 roles in engineering.",B2B,,Todd Sullivan;Will Weber;Humoniq - AI Contact Center for Travel,https://www.linkedin.com/in/todsul/;https://www.linkedin.com/in/w-weber/;https://www.linkedin.com/in/w-weber/,https://www.linkedin.com/in/todsul/;https://www.linkedin.com/in/w-weber/;https://www.linkedin.com/in/w-weber/,https://x.com/todsul;;,,
Interfere,https://www.ycombinator.com/companies/interfere,"Next-gen observability that finds & fixes bugs automatically. Founded in 2025 by Luke Shiels, Interfere has 2 employees based in . Interfere is hiring for 1 roles in design.","B2B;ENGINEERING, PRODUCT AND DESIGN",,Luke Shiels,https://linkedin.com/in/shiels,https://linkedin.com/in/shiels,https://x.com/lukeshiels_,,
Magnetic,https://www.ycombinator.com/companies/magnetic,"AI Tax Preparer for CPA firms. Founded in 2024 by Patrick Fay and Thomas Shelley, Magnetic has 2 employees based in . Magnetic is hiring for 3 roles in operations and engineering.",B2B;PRODUCTIVITY,,Thomas Shelley;Patrick Fay,https://linkedin.com/in/thomasjshelley;https://linkedin.com/in/patrick-fay-5418a822,https://linkedin.com/in/thomasjshelley;https://linkedin.com/in/patrick-fay-5418a822,https://x.com/tsh3ll;,,
Gaus,https://www.ycombinator.com/companies/gaus,"AI advisor for retail investors. Founded in 2025 by Bruno Koba and Daniel Tulha Hochstetler, Gaus has 2 employees based in San Francisco, CA, USA.",FINTECH;CONSUMER FINANCE,,Bruno Koba;Daniel Tulha Hochstetler,https://www.linkedin.com/in/bruno-koba/;https://www.linkedin.com/in/daniel-hochstetler,https://www.linkedin.com/in/bruno-koba/;https://www.linkedin.com/in/daniel-hochstetler,https://x.com/brunokoba_;,,
Idler,https://www.ycombinator.com/companies/idler,"Scale AI for reinforcement learning environments. . Founded in 2025 by Ivan Chub, Nalu Concepcion, and Tony Goss, Idler has 3 employees based in San Francisco, CA, USA.","B2B;ENGINEERING, PRODUCT AND DESIGN",,Ivan Chub;Nalu Concepcion;Tony Goss,https://www.linkedin.com/in/ivanchub/;https://linkedin.com/in/nalu-concepcion/;https://www.linkedin.com/in/tony-goss-a53732132,https://www.linkedin.com/in/ivanchub/;https://linkedin.com/in/nalu-concepcion/;https://www.linkedin.com/in/tony-goss-a53732132,https://x.com/chubivan;https://x.com/naluconcepcion;https://x.com/cha0sg0d_,,
Modelence,https://www.ycombinator.com/companies/modelence,"All-in-one TypeScript cloud for production AI apps. Founded in 2025 by Eduard Piliposyan and Aram Shatakhtsyan, Modelence has 3 employees based in San Francisco, CA, USA.",B2B;INFRASTRUCTURE,,Aram Shatakhtsyan;Eduard Piliposyan,https://www.linkedin.com/in/artahian/;https://www.linkedin.com/in/eduard-piliposyan,https://www.linkedin.com/in/artahian/;https://www.linkedin.com/in/eduard-piliposyan,https://x.com/artahian;https://x.com/ed_piliposyan,,
Lanesurf,https://www.ycombinator.com/companies/lanesurf,"Voice AI for booking freight. Founded in 2025 by Pratham Bansal and Sarthak Singh Chauhan, Lanesurf has 4 employees based in San Francisco, CA, USA.",B2B,,Pratham Bansal;Sarthak Singh Chauhan,https://www.linkedin.com/in/bansalpratham/;https://www.linkedin.com/in/sarthak-singh-chauhan-a1942b209,https://www.linkedin.com/in/bansalpratham/;https://www.linkedin.com/in/sarthak-singh-chauhan-a1942b209,https://x.com/pratham__bansal;https://x.com/sarthakiitd,,
Blank Bio,https://www.ycombinator.com/companies/blank-bio,"RNA-based AI for better drugs and smarter clinical trials. Founded in 2025 by Philip Fradkin, Jonny Hsu, and Ian Shi, Blank Bio has 3 employees based in San Francisco, CA, USA. Blank Bio is hiring for 2 roles in engineering.",HEALTHCARE;THERAPEUTICS,,Jonny Hsu;Philip Fradkin;Ian Shi;Blank Bio - Computational toolkit for RNA therapeutics,https://www.linkedin.com/in/jonathanhsuuw/;https://www.linkedin.com/in/philip-fradkin-330a417b/;https://www.linkedin.com/in/ruian-shi-4b5215b9/;https://www.linkedin.com/in/jonathanhsuuw/,https://www.linkedin.com/in/jonathanhsuuw/;https://www.linkedin.com/in/philip-fradkin-330a417b/;https://www.linkedin.com/in/ruian-shi-4b5215b9/;https://www.linkedin.com/in/jonathanhsuuw/,https://x.com/hsu_jonny;https://twitter.com/phil_fradkin;https://x.com/ianshi3;https://x.com/blankbio_,,
truthsystems,https://www.ycombinator.com/companies/truthsystems,"Automatically blocking risky behavior with real-time governance agents. Founded in 2023 by Alex Mac and Nam Nguyen, truthsystems has 3 employees based in San Francisco, CA, USA. truthsystems is hiring for 1 roles in engineering.",B2B;INFRASTRUCTURE,,Alex Mac;Nam Nguyen,https://linkedin.com/in/anh-mac;https://www.linkedin.com/in/hoangnamm21/,https://linkedin.com/in/anh-mac;https://www.linkedin.com/in/hoangnamm21/,;,,
Veritus Agent,https://www.ycombinator.com/companies/veritus-agent,"We’re excited to introduce Veritus Agent, founded by Joshua March, Joey Stein, and David Schlesinger to help lenders improve conversion rates, decrease servicing costs, and increase recoveries by deploying voice agents across their operations.",FINTECH;CREDIT AND LENDING,,Joshua March;David Schlesinger;Joseph Stein;Veritus — AI voice agents for lenders from origination through collections,https://www.linkedin.com/in/joshuamarch/;https://www.linkedin.com/in/davidschles/;https://www.linkedin.com/in/josephstein1;https://www.linkedin.com/in/joshuamarch/,https://www.linkedin.com/in/joshuamarch/;https://www.linkedin.com/in/davidschles/;https://www.linkedin.com/in/josephstein1;https://www.linkedin.com/in/joshuamarch/,https://www.x.com/joshuamarch;;https://www.x.com/josephstein;,,
Alara,https://www.ycombinator.com/companies/alara,"Procurement Platform for Dental Offices. Founded in 2025 by Elyas Obbad, Dr. Sabrine Obbad, and Kamal Obbad, Alara has 0 employees based in .",B2B,,Dr. Sabrine Obbad;Elyas Obbad;Kamal Obbad,https://www.linkedin.com/in/sabrineobbad;https://www.linkedin.com/in/elyas-obbad-071a01176/;https://www.linkedin.com/in/kamal-obbad-b69852158/,https://www.linkedin.com/in/sabrineobbad;https://www.linkedin.com/in/elyas-obbad-071a01176/;https://www.linkedin.com/in/kamal-obbad-b69852158/,;https://x.com/ObbadElyas;,,
TectoAI,https://www.ycombinator.com/companies/tectoai,"Recruit and Monitor AI Employees. Founded in 2025 by Niosha Afsharikia, PhD and Roksana Baleshzar, TectoAI has 2 employees based in . TectoAI is hiring for 1 roles in engineering.",B2B,,"Niosha Afsharikia, PhD;Roksana Baleshzar;Tecto - Governance Platform for AI Employees 🤖",https://www.linkedin.com/in/afsharikia/;https://www.linkedin.com/in/roksana-baleshzar/;https://www.linkedin.com/in/afsharikia/,https://www.linkedin.com/in/afsharikia/;https://www.linkedin.com/in/roksana-baleshzar/;https://www.linkedin.com/in/afsharikia/,;;,,
Munify,https://www.ycombinator.com/companies/munify,"The Cross-Border Neobank for the Middle East. Founded in 2025 by Khalid Ashmawy, Munify has 4 employees based in .",FINTECH,,Khalid Ashmawy,https://www.linkedin.com/in/khalidashmawy/,https://www.linkedin.com/in/khalidashmawy/,,,
Palace,https://www.ycombinator.com/companies/palace,"Operational intelligence for PE funds and PE-backed companies. Founded in 2025 by Leeds Rising and Derek Ye, Palace has 2 employees based in New York, NY, USA.",FINTECH;ASSET MANAGEMENT,,Leeds Rising;Derek Ye,https://www.linkedin.com/in/leedsrising;https://www.linkedin.com/in/derek-ye-853412159/,https://www.linkedin.com/in/leedsrising;https://www.linkedin.com/in/derek-ye-853412159/,https://x.com/LeedsRising;,,
AgentMail,https://www.ycombinator.com/companies/agentmail,"API Inboxes for AI Agents. Founded in 2025 by Haakam Aujla, Michael Kim, and Adi Singh, AgentMail has 3 employees based in San Francisco, CA, USA.",B2B;INFRASTRUCTURE,,Haakam Aujla;Michael Kim;Adi Singh,https://www.linkedin.com/in/haaaujla/;https://www.linkedin.com/in/michaelhyunkim/;https://linkedin.com/in/adivirsingh13,https://www.linkedin.com/in/haaaujla/;https://www.linkedin.com/in/michaelhyunkim/;https://linkedin.com/in/adivirsingh13,https://x.com/haakamaujla;https://x.com/michaelhyunkim;https://x.com/adi_singh133,,
Socratix AI,https://www.ycombinator.com/companies/socratix-ai,"AI coworkers for fraud and risk teams. Founded in 2025 by Riya Jagetia and Satya Vasanth Tumati, Socratix AI has 2 employees based in . Socratix AI is hiring for 1 roles in engineering.",B2B;OPERATIONS,,Riya Jagetia;Satya Vasanth Tumati;Socratix AI: AI Coworkers for Fraud and Risk Teams,https://www.linkedin.com/in/riya-jagetia/;https://www.linkedin.com/in/satya-vasanth/;https://www.linkedin.com/in/riya-jagetia/,https://www.linkedin.com/in/riya-jagetia/;https://www.linkedin.com/in/satya-vasanth/;https://www.linkedin.com/in/riya-jagetia/,https://twitter.com/RiyaJagetia;https://x.com/SirWitWit;,,
TraceRoot.AI,https://www.ycombinator.com/companies/traceroot-ai,"Open source AI agents auto-fix your production bugs. Founded in 2025 by Xinwei He and Zecheng Zhang, TraceRoot.AI has 2 employees based in San Francisco, CA, USA.","B2B;ENGINEERING, PRODUCT AND DESIGN",,Xinwei He;Zecheng Zhang,https://www.linkedin.com/in/xinwei-he-586512134/;https://www.linkedin.com/in/zechengzhang/,https://www.linkedin.com/in/xinwei-he-586512134/;https://www.linkedin.com/in/zechengzhang/,https://x.com/xinwei_97;https://x.com/zechengzh,,
Minimal AI,https://www.ycombinator.com/companies/minimal-ai,"AI Agents for E-commerce Customer Support. Founded in 2024 by Titus Ex and Niek Hogenboom, Minimal AI has 2 employees based in San Francisco, CA, USA.",B2B,,Niek Hogenboom;Titus Ex;Minimal: AI Customer Support Teams for E-commerce,https://www.linkedin.com/in/niek-hogenboom/;https://linkedin.com/in/titus-ex-85691711a;https://www.linkedin.com/in/niek-hogenboom/,https://www.linkedin.com/in/niek-hogenboom/;https://linkedin.com/in/titus-ex-85691711a;https://www.linkedin.com/in/niek-hogenboom/,;;,,
stagewise,https://www.ycombinator.com/companies/stagewise,"The frontend coding agent for real codebases. Founded in 2024 by Julian Goetze and Glenn Töws, stagewise has 2 employees based in .","B2B;ENGINEERING, PRODUCT AND DESIGN",,Glenn Töws;Julian Goetze,https://www.linkedin.com/in/glenntws/;https://www.linkedin.com/in/juliangoetze/,https://www.linkedin.com/in/glenntws/;https://www.linkedin.com/in/juliangoetze/,https://x.com/glenntoews;https://x.com/goetzejulian,,
MangoDesk,https://www.ycombinator.com/companies/mangodesk,"Simple platform to create data for AI. Founded in 2025 by Ankith Subramanya and Ananth Subramanya, MangoDesk has 2 employees based in . MangoDesk is hiring for 1 roles in marketing.",B2B,,Ankith Subramanya;Ananth Subramanya,https://linkedin.com/in/ankithsubramanya;https://www.linkedin.com/in/ams29,https://linkedin.com/in/ankithsubramanya;https://www.linkedin.com/in/ams29,;,,
Spotlight Realty,https://www.ycombinator.com/companies/spotlight-realty,"AI powered brokerage reducing residential rental commissions in NYC…. Founded in 2025 by Raymond Allie, Jake Phelan, and Aryan Sharma, Spotlight Realty has 4 employees based in New York, NY, USA.",REAL ESTATE AND CONSTRUCTION,,Raymond Allie;Jake Phelan;Aryan Sharma,https://www.linkedin.com/in/raymond-allie/;https://www.linkedin.com/in/jacob-phelan-9359222a5;https://www.linkedin.com/in/aryansharma12358,https://www.linkedin.com/in/raymond-allie/;https://www.linkedin.com/in/jacob-phelan-9359222a5;https://www.linkedin.com/in/aryansharma12358,;;,,
Outrove,https://www.ycombinator.com/companies/outrove,"Ultra-realistic AI Recruiter. Founded in 2025 by Saif Elhager and Ahmed ElShireef, Outrove has 2 employees based in San Francisco, CA, USA.",B2B;RECRUITING AND TALENT,,Ahmed ElShireef;Saif Elhager,https://www.linkedin.com/in/ahmedelshireef/;https://www.linkedin.com/in/saif-elhager-18b96a202,https://www.linkedin.com/in/ahmedelshireef/;https://www.linkedin.com/in/saif-elhager-18b96a202,https://x.com/elshireef_ahmed;,,
Juxta,https://www.ycombinator.com/companies/juxta,"Building a GPS alternative 100x more powerful with no hardware needed. Founded in 2024 by John Ferrara, Juxta has  employees based in San Francisco, CA, USA.",B2B,,John Ferrara,https://www.linkedin.com/in/ferrara-john/,https://www.linkedin.com/in/ferrara-john/,https://x.com/byjohnf,,
Knowlify,https://www.ycombinator.com/companies/knowlify,"Convert textual content into explainer videos in < 15s. Founded in 2025 by Jonathan Maynard, Ritam Rana, Arjun Talati, and Ritvik Varada, Knowlify has 4 employees based in San Francisco, CA, USA.",B2B,,Ritam Rana;Jonathan Maynard;Arjun Talati;Ritvik Varada,https://www.linkedin.com/in/ritamrana;https://www.linkedin.com/in/jonathanmaynard-/;https://www.linkedin.com/in/arjun-talati;https://www.linkedin.com/in/ritvik-varada/,https://www.linkedin.com/in/ritamrana;https://www.linkedin.com/in/jonathanmaynard-/;https://www.linkedin.com/in/arjun-talati;https://www.linkedin.com/in/ritvik-varada/,;;https://x.com/arjuntalati;,,
The Prompting Company,https://www.ycombinator.com/companies/the-prompting-company,"Before starting The Prompting Company, Kevin, Albert, and Michelle co-founded Typedream (YC W20), an AI website builder acquired by beehiiv, and previously built Cotter, a passwordless authentication SDK acquired by Stytch.",B2B;MARKETING,,Kevin Chandra;Michelle Marcelline;Albert Purnama,https://www.linkedin.com/in/kevin-chandra-88446b33/;https://www.linkedin.com/in/michelle-marcelline/;https://www.linkedin.com/in/albertputrapurnama/,https://www.linkedin.com/in/kevin-chandra-88446b33/;https://www.linkedin.com/in/michelle-marcelline/;https://www.linkedin.com/in/albertputrapurnama/,https://twitter.com/kvnchandra;https://twitter.com/michwirantono;https://twitter.com/albertpurnama,,
Acrely,https://www.ycombinator.com/companies/acrely,"AI CSR + Dispatch for HVAC. Founded in 2025 by Derek Armfield and Alek Stefanov, Acrely has 2 employees based in San Francisco, CA, USA.",B2B,,Alek Stefanov;Derek Armfield,https://www.linkedin.com/in/alexander-a-stefanov/;https://www.linkedin.com/in/derek-armfield/,https://www.linkedin.com/in/alexander-a-stefanov/;https://www.linkedin.com/in/derek-armfield/,;,,
Dedalus Labs,https://www.ycombinator.com/companies/dedalus-labs,"Connect any LLM to any MCP tools and create complex agents in minutes. Founded in 2025 by Catherine Di and Windsor Nguyen, Dedalus Labs has 9 employees based in San Francisco, CA, USA. Dedalus Labs is hiring for 1 roles in engineering.",B2B,,Catherine Di;Windsor Nguyen,https://www.linkedin.com/in/cathydi;https://linkedin.com/in/windsornguyen,https://www.linkedin.com/in/cathydi;https://linkedin.com/in/windsornguyen,https://x.com/itsCathyDi;https://x.com/WindsorNguyen,,
dScribe AI,https://www.ycombinator.com/companies/dscribe-ai,"Computer vision for bulk inventory tracking. Founded in 2024 by Jordan Mryyan, Cole Robertson, and Warren Wijaya Wang, dScribe AI has 3 employees based in Overland Park, KS, USA.",B2B;SUPPLY CHAIN AND LOGISTICS,,Warren Wijaya Wang;Jordan Mryyan;Cole Robertson,https://linkedin.com/in/warrenwang-fnu/;https://linkedin.com/in/jordan-mryyan;https://www.linkedin.com/in/colemrobertson,https://linkedin.com/in/warrenwang-fnu/;https://linkedin.com/in/jordan-mryyan;https://www.linkedin.com/in/colemrobertson,;https://x.com/Jordan_Mryyan;https://x.com/cole__robertson,,
Kernel,https://www.ycombinator.com/companies/kernel,"Crazy Fast Browsers-as-a-Service. Founded in 2025 by Rafael Garcia and Catherine Jue, Kernel has 6 employees based in San Francisco, CA, USA.",B2B;INFRASTRUCTURE,,Catherine Jue;Rafael Garcia,https://www.linkedin.com/in/juecd;https://www.linkedin.com/in/rafgarcia/,https://www.linkedin.com/in/juecd;https://www.linkedin.com/in/rafgarcia/,https://twitter.com/juecd__;https://twitter.com/rfgarcia,,
Autosana,https://www.ycombinator.com/companies/autosana,"AI QA Engineer for Mobile Teams. Founded in 2025 by Jason Steinberg and Yuvan Sundrani, Autosana has 3 employees based in San Francisco, CA, USA.","B2B;ENGINEERING, PRODUCT AND DESIGN",,Yuvan Sundrani;Jason Steinberg,https://www.linkedin.com/in/yuvan-sundrani/;https://www.linkedin.com/in/jason-steinberg-6018261b6/,https://www.linkedin.com/in/yuvan-sundrani/;https://www.linkedin.com/in/jason-steinberg-6018261b6/,https://x.com/YSundrani79540;,,
Closera,https://www.ycombinator.com/companies/closera,"Anmol was a PM at Google, where he monetized Gemini, NotebookLM, and Flow - hitting nine-figure ARR within a week of launch. Previously, Anmol founded an app that had users in 120+ countries and was named one of TechCrunch's top AI stories of the year. For this, he was featured in a Google commercial alongside a Nobel prize winner, Turing award winner, and the Prime Minister of Canada.",B2B,,Anmol Tukrel;Chinmay Patel;Closera: Harvey for Commercial Real Estate,https://www.linkedin.com/in/anmoltukrel/;https://www.linkedin.com/in/chinmayspatel/;https://www.linkedin.com/in/anmoltukrel/,https://www.linkedin.com/in/anmoltukrel/;https://www.linkedin.com/in/chinmayspatel/;https://www.linkedin.com/in/anmoltukrel/,https://x.com/anmoltukrel;;,,
Meteor,https://www.ycombinator.com/companies/meteor,"An AI-Native Browser. Founded in 2025 by Farhan Khan and Pranav Madhukar, Meteor has 2 employees based in San Francisco, CA, USA.",CONSUMER,,Pranav Madhukar;Farhan Khan,https://www.linkedin.com/in/pranav-madhukar-pcm/;https://www.linkedin.com/in/farhankhan4,https://www.linkedin.com/in/pranav-madhukar-pcm/;https://www.linkedin.com/in/farhankhan4,https://x.com/pranavcmadhukar;https://x.com/moggrammer,,
Freya,https://www.ycombinator.com/companies/freya,"Voice AI for European Enterprises. Founded in 2025 by Tunga Bayrak and Tomas Nepala, Freya has 5 employees based in San Francisco, CA, USA.",FINTECH,,Tunga Bayrak;Tomas Nepala;Freya: Voice AI Agents For Financial Services,https://www.linkedin.com/in/tunga-bayrak/;https://www.linkedin.com/in/tomas-nepala;https://www.linkedin.com/in/tunga-bayrak/,https://www.linkedin.com/in/tunga-bayrak/;https://www.linkedin.com/in/tomas-nepala;https://www.linkedin.com/in/tunga-bayrak/,;https://x.com/TomasNepala;,,
GETASAP ASIA,https://www.ycombinator.com/companies/getasap-asia,"Tech-Enabled Distributor for Retailers in Southeast Asia. Founded in 2023 by Raghav Arora and Pranavkrishna Suresh, GETASAP ASIA has 17 employees based in San Francisco, CA, USA.",B2B;SUPPLY CHAIN AND LOGISTICS,,Raghav Arora;Pranavkrishna Suresh;GETASAP ASIA: 8 Hour Distribution for Retailers in Southeast Asia 🏪;TL;DR,https://www.linkedin.com/in/raghav-arora-516b1826b/;https://www.linkedin.com/in/pranavkrishnasuresh/;https://www.linkedin.com/in/raghav-arora-516b1826b/;https://www.linkedin.com/in/raghav-arora-516b1826b/,https://www.linkedin.com/in/raghav-arora-516b1826b/;https://www.linkedin.com/in/pranavkrishnasuresh/;https://www.linkedin.com/in/raghav-arora-516b1826b/;https://www.linkedin.com/in/raghav-arora-516b1826b/,;https://x.com/PKrishnaSuresh;;,,
Finto,https://www.ycombinator.com/companies/finto-de,"AI accounting for enterprise finance teams. Founded in 2025 by Linus Boehm, Jonas Morgner, and Lorenz Neuner, Finto has 3 employees based in .",B2B;FINANCE AND ACCOUNTING,,Jonas Morgner;Linus Boehm;Lorenz Neuner;Finto - AI Accounting for Enterprises,https://www.linkedin.com/in/jonasmorgner/;https://www.linkedin.com/in/linus-boehm/;https://www.linkedin.com/in/lorenz-neuner/;https://www.linkedin.com/in/lorenz-neuner/,https://www.linkedin.com/in/jonasmorgner/;https://www.linkedin.com/in/linus-boehm/;https://www.linkedin.com/in/lorenz-neuner/;https://www.linkedin.com/in/lorenz-neuner/,https://x.com/FintoAI;;;,,
Adaptional,https://www.ycombinator.com/companies/adaptional,"AI copilot for insurance underwriters. Founded in 2024 by Kevin Cox and Suril Kantaria, Adaptional has 4 employees based in San Francisco, CA, USA.",B2B,,Kevin Cox;Suril Kantaria,https://www.linkedin.com/in/kevin-cox-90337b47/;https://www.linkedin.com/in/suril-kantaria-59522922/,https://www.linkedin.com/in/kevin-cox-90337b47/;https://www.linkedin.com/in/suril-kantaria-59522922/,;,,
Iron Grid,https://www.ycombinator.com/companies/iron-grid,"AI Insurance for hardware. Founded in 2025 by Fern Morrison and Gabriele Pozzato, Iron Grid has 2 employees based in .",FINTECH;INSURANCE,,Fern Morrison;Gabriele Pozzato,https://www.linkedin.com/in/elizabeth-fern-morrison/;https://www.linkedin.com/in/gabriele-pozzato-ph-d-2167a2107/,https://www.linkedin.com/in/elizabeth-fern-morrison/;https://www.linkedin.com/in/gabriele-pozzato-ph-d-2167a2107/,;,,
Relling,https://www.ycombinator.com/companies/relling,"Data and infra for world models. Founded in 2025 by Jai Relan and Anya Singh, Relling has 2 employees based in San Francisco, CA, USA. Relling is hiring for 1 roles in operations.",B2B;INFRASTRUCTURE,,Jai Relan,https://www.linkedin.com/in/jairelan/,https://www.linkedin.com/in/jairelan/,https://twitter.com/JaiRelan,,
Pingo AI,https://www.ycombinator.com/companies/pingo-ai,"AI companion that helps you learn languages. Founded in 2025 by Morrie Schonfeld and Michael Xing, Pingo AI has 2 employees based in . Pingo AI is hiring for 1 roles in engineering.",CONSUMER,,Michael Xing;Morrie Schonfeld,https://www.linkedin.com/in/michael-xing-04216821a/;https://www.linkedin.com/in/morrie-schonfeld-1628002b1?utm_source=share&utm_campaign=share_via&utm_content=profile&utm_medium=ios_app,https://www.linkedin.com/in/michael-xing-04216821a/;https://www.linkedin.com/in/morrie-schonfeld-1628002b1?utm_source=share&utm_campaign=share_via&utm_content=profile&utm_medium=ios_app,https://x.com/mrmukeee;https://x.com/MorrietheMoosee,,
Nottelabs,https://www.ycombinator.com/companies/nottelabs,"Reliable Web Agents for Enterprise. Founded in 2025 by Lucas Giordano and Andrea Pinto, Nottelabs has 5 employees based in San Francisco, CA, USA.",B2B,,Andrea Pinto;Lucas Giordano,https://www.linkedin.com/in/pinto-andrea;https://www.linkedin.com/in/giordano-lucas/,https://www.linkedin.com/in/pinto-andrea;https://www.linkedin.com/in/giordano-lucas/,https://x.com/ogandreakiro;https://x.com/lucas_gdno,,
Rid,https://www.ycombinator.com/companies/rid,"Sell with a text. Founded in 2025 by Benedikt Stroebl and Veniamin Veselovsky, Rid has 2 employees based in San Francisco, CA, USA.",CONSUMER,,Benedikt Stroebl;Veniamin Veselovsky,https://www.linkedin.com/in/benediktstroebl/;https://linkedin.com/in/veniamin-v-bb1985116,https://www.linkedin.com/in/benediktstroebl/;https://linkedin.com/in/veniamin-v-bb1985116,https://x.com/benediktstroebl;https://x.com/VminVsky,,
Hyprnote,https://www.ycombinator.com/companies/hyprnote,"Open-source AI notetaker for the enterprise. Founded in 2023 by John Jeong, Deokhaeng Lee, and Yujong Lee, Hyprnote has 4 employees based in San Francisco, CA, USA.",B2B;PRODUCTIVITY,,John Jeong;Deokhaeng Lee;Yujong Lee,https://linkedin.com/in/johntopia;https://www.linkedin.com/in/dklee0127;https://linkedin.com/in/yujong1ee,https://linkedin.com/in/johntopia;https://www.linkedin.com/in/dklee0127;https://linkedin.com/in/yujong1ee,https://x.com/computeless;https://x.com/duckduckhero;https://x.com/yujonglee,,
mcp-use,https://www.ycombinator.com/companies/mcp-use,"Open-source dev tools and infrastructure for MCP. Founded in 2025 by Luigi Pederzani and Pietro Zullo, mcp-use has 2 employees based in . mcp-use is hiring for 1 roles in engineering.",B2B;INFRASTRUCTURE,,Pietro Zullo;Luigi Pederzani,https://linkedin.com/in/pietrozullo;https://www.linkedin.com/in/luigipederzani,https://linkedin.com/in/pietrozullo;https://www.linkedin.com/in/luigipederzani,https://x.com/pietrozullo;https://x.com/pederzh,,
Synthetic Society,https://www.ycombinator.com/companies/synthetic-society,"Synthetic Users to Simulate Real Users. Founded in 2025 by Aaron Chew and Kavan Doctor, Synthetic Society has 2 employees based in San Francisco, CA, USA.","B2B;ENGINEERING, PRODUCT AND DESIGN",,Kavan Doctor;Aaron Chew,https://www.linkedin.com/in/kavandoctor/;https://linkedin.com/in/aaronbchew,https://www.linkedin.com/in/kavandoctor/;https://linkedin.com/in/aaronbchew,;https://x.com/aaronchewbani,,
Locata,https://www.ycombinator.com/companies/locata,"AI Referral Automation for Primary Care Clinics. Founded in 2025 by Joshua Chang and Alejandro Salinas, Locata has 2 employees based in New York, NY, USA.",HEALTHCARE;HEALTHCARE IT,,Alejandro Salinas;Joshua Chang;Locata - AI Referral Management for Health Centers,https://www.linkedin.com/in/asalinas21/;https://www.linkedin.com/in/joshua-r-chang/;https://www.linkedin.com/in/asalinas21/,https://www.linkedin.com/in/asalinas21/;https://www.linkedin.com/in/joshua-r-chang/;https://www.linkedin.com/in/asalinas21/,;;,,
Novaflow,https://www.ycombinator.com/companies/novaflow,"The AI data analyst for biology labs. Founded in 2025 by Aman Agarwal and Amulya Balakrishnan, Novaflow has 2 employees based in San Francisco, CA, USA.",HEALTHCARE,,Aman Agarwal;Amulya Balakrishnan,https://www.linkedin.com/in/aman-agarwal-ca;https://linkedin.com/in/amulya-balakrishnan,https://www.linkedin.com/in/aman-agarwal-ca;https://linkedin.com/in/amulya-balakrishnan,https://x.com/imamanforyou;,,
Pally,https://www.ycombinator.com/companies/pally,"Intelligent Unified Inbox + Personal CRM. Founded in 2024 by Haz Hubble and Wyatt Lansford, Pally has 3 employees based in San Francisco, CA, USA. Pally is hiring for 1 roles in engineering.",B2B;PRODUCTIVITY,,Haz Hubble;Wyatt Lansford,https://linkedin.com/in/hazhubble;https://www.linkedin.com/in/wyattlansford,https://linkedin.com/in/hazhubble;https://www.linkedin.com/in/wyattlansford,https://www.x.com/hazhubble;https://x.com/wylansford,,
Convexia,https://www.ycombinator.com/companies/convexia,"The world's first AI-maximalist pharma company. Founded in 2025 by Ayaan Parikh and Rahul Vijayan, Convexia has 2 employees based in San Francisco, CA, USA.",HEALTHCARE;DRUG DISCOVERY AND DELIVERY,,Ayaan Parikh;Rahul Vijayan;Convexia: World’s First AI-Maximalist Pharma Company,https://www.linkedin.com/in/ayaan-parikh;https://www.linkedin.com/in/rahulvijayan28/;https://www.linkedin.com/in/ayaan-parikh/,https://www.linkedin.com/in/ayaan-parikh;https://www.linkedin.com/in/rahulvijayan28/;https://www.linkedin.com/in/ayaan-parikh/,;;,,
Pleom,https://www.ycombinator.com/companies/pleom,"Royce - previously co-founded Bits to Atoms (YC S24) hiring cracked engineers for deep-tech startups. Graduated from Georgia Tech with both a Bachelors and Masters in Machine Learning by the age of 18. Also, worked as a Data Scientist for two years and also contributed to multiple other startups.",CONSUMER;CONSUMER ELECTRONICS,,Royce Arockiasamy,https://www.linkedin.com/in/roycea1/,https://www.linkedin.com/in/roycea1/,https://x.com/roycearoc,,
Cactus,https://www.ycombinator.com/companies/cactus,"Kernels & Engine for running AI on phones. Founded in 2025 by Henry Ndubuaku and Roman Shemet, Cactus has 3 employees based in San Francisco, CA, USA. Cactus is hiring for 2 roles in engineering.","B2B;ENGINEERING, PRODUCT AND DESIGN",,Roman Shemet;Henry Ndubuaku,https://www.linkedin.com/in/roman-shemet/;https://linkedin.com/in/henry-ndubuaku-7b6350b8,https://www.linkedin.com/in/roman-shemet/;https://linkedin.com/in/henry-ndubuaku-7b6350b8,https://x.com/romanshemet;https://x.com/Henry_Ndubuaku,,
Perseus Defense,https://www.ycombinator.com/companies/perseus-defense,Jason and Steve studied aerospace engineering together at Penn State University and founded Perseus Defense in 2025.,INDUSTRIALS;DRONES,,Jason Cornelius;Steve Messinger;Perseus Defense 🚀 Building America's Iron Dome for Drones,https://www.linkedin.com/in/jason-k-cornelius/;https://www.linkedin.com/in/steve-messinger-a32680155/;https://www.linkedin.com/in/jason-k-cornelius/,https://www.linkedin.com/in/jason-k-cornelius/;https://www.linkedin.com/in/steve-messinger-a32680155/;https://www.linkedin.com/in/jason-k-cornelius/,;;,,
Phases,https://www.ycombinator.com/companies/phases,"Automating clinical trials, starting with patient recruitment. Founded in 2025 by Jonathan van Wersch, James Wall, and Anton Zaliznyi, Phases has 3 employees based in San Francisco, CA, USA.",HEALTHCARE;HEALTHCARE IT,,James Wall;Anton Zaliznyi;Jonathan van Wersch,https://www.linkedin.com/in/j-m-wall/;https://www.linkedin.com/in/anton-zaliznyi/;https://www.linkedin.com/in/jonathan-vw/,https://www.linkedin.com/in/j-m-wall/;https://www.linkedin.com/in/anton-zaliznyi/;https://www.linkedin.com/in/jonathan-vw/,;;,,
burnt,https://www.ycombinator.com/companies/burnt,"Agentic Operating System for Food Supply Chain. Founded in 2023 by Joseph Jacob, Rhea Karimpanal, and Chandru Shanumugasundaram, burnt has 3 employees based in San Francisco, CA, USA. burnt is hiring for 1 roles in engineering.",B2B;SUPPLY CHAIN AND LOGISTICS,,Joseph Jacob;Rhea Karimpanal;Chandru Shanumugasundaram,https://www.linkedin.com/in/josephjacob93;https://www.linkedin.com/in/rheakarimpanal/;https://linkedin.com/in/chandrushanmugasundaram,https://www.linkedin.com/in/josephjacob93;https://www.linkedin.com/in/rheakarimpanal/;https://linkedin.com/in/chandrushanmugasundaram,https://x.com/Joseph_Jacob13;https://x.com/RheaKarimpanal;https://x.com/tweetchanshan,,
Solva,https://www.ycombinator.com/companies/solva,Our team has spent the last decade battling legacy systems and dogma across highly regulated sectors of the financial industry. We’ve founded an EU-licensed bank (under the EBA CRD) and been part of scaling Europe’s fastest-growing InsurTech. We’ve seen firsthand the challenges with manual claims handling and how AI can fundamentally transform this process,FINTECH;INSURANCE,,Herman Båverud Olsson;Sorena Amini;Linus Malmén,https://www.linkedin.com/in/hermanbaverudolsson/;https://www.linkedin.com/in/sorenaamini;https://linkedin.com/in/linus-malmen,https://www.linkedin.com/in/hermanbaverudolsson/;https://www.linkedin.com/in/sorenaamini;https://linkedin.com/in/linus-malmen,;;,,
SigmanticAI,https://www.ycombinator.com/companies/sigmanticai,"The Cursor for Chip Design - Delivering Silicon-Ready Chip Designs…. Founded in 2025 by Rohil Khare and Tamzid Razzaque, SigmanticAI has 2 employees based in Dublin, CA 94568, USA.","B2B;ENGINEERING, PRODUCT AND DESIGN",,Rohil Khare;Tamzid Razzaque,https://www.linkedin.com/in/rohil-khare/;https://www.linkedin.com/in/tamzid-razzaque/,https://www.linkedin.com/in/rohil-khare/;https://www.linkedin.com/in/tamzid-razzaque/,;,,
Serafis,https://www.ycombinator.com/companies/serafis,"The AI knowledge graph for institutional investors. Founded in 2025 by Rohan Sharma, Serafis has 2 employees based in San Francisco, CA, USA.",B2B,,Rohan Sharma;⚡ Serafis - the AI knowledge graph,https://www.linkedin.com/in/r9a;https://www.linkedin.com/in/r9a/,https://www.linkedin.com/in/r9a;https://www.linkedin.com/in/r9a/,https://x.com/r9a_co;,,
RowFlow,https://www.ycombinator.com/companies/rowflow,"Replacing forms with AI conversations. Founded in 2025 by Jack Bubes and Alec Olesky, RowFlow has 2 employees based in New York, NY, USA.",B2B;OPERATIONS,,Alec Olesky;Jack Bubes,https://www.linkedin.com/in/alec-olesky/;https://www.linkedin.com/in/jack-bubes/,https://www.linkedin.com/in/alec-olesky/;https://www.linkedin.com/in/jack-bubes/,;,,
Ambral,https://www.ycombinator.com/companies/ambral,"AI-powered Account Managers. Founded in 2025 by Sam Brickman and Jack Stettner, Ambral has 2 employees based in .",B2B;SALES,,Sam Brickman;Jack Stettner;Ambral: The AI Account Management Team,https://www.linkedin.com/in/sam-brickman-086341136/;https://www.linkedin.com/in/jackstettner/;https://www.linkedin.com/in/sam-brickman-086341136/,https://www.linkedin.com/in/sam-brickman-086341136/;https://www.linkedin.com/in/jackstettner/;https://www.linkedin.com/in/sam-brickman-086341136/,https://x.com/Sambrickman_;;,,
Nixo,https://www.ycombinator.com/companies/nixo,"The first ops platform for forward deployed engineers. Founded in 2025 by Priya Khandelwal and Priti Rangnekar, Nixo has 2 employees based in San Francisco, CA, USA.",B2B,,Priya Khandelwal;Priti Rangnekar,https://www.linkedin.com/in/priya-khandelwal-86b84018b/;https://www.linkedin.com/in/pritirangnekar/,https://www.linkedin.com/in/priya-khandelwal-86b84018b/;https://www.linkedin.com/in/pritirangnekar/,;,,
Sira,https://www.ycombinator.com/companies/sira,"AI Native Rippling for Deskless Workers. Founded in 2025 by Nathan Belaye and Antonio Chan, Sira has 0 employees based in San Francisco, CA, USA.",B2B;HUMAN RESOURCES,,Nathan Belaye;Antonio Chan,https://www.linkedin.com/in/nathan-belaye-931005149/;https://www.linkedin.com/in/antonio-chan/,https://www.linkedin.com/in/nathan-belaye-931005149/;https://www.linkedin.com/in/antonio-chan/,;,,
Opennote,https://www.ycombinator.com/companies/opennote,"The AI tutor that lives in your notes. Founded in 2025 by Abhi Arya, Rishi Srihari, and Vedant Vyas, Opennote has 3 employees based in San Francisco, CA, USA.",EDUCATION,,Rishi Srihari;Abhi Arya;Vedant Vyas;Opennote – Interactive Learning for Students,https://www.linkedin.com/in/rishi-srihari/;https://linkedin.com/in/abhiaarya;https://www.linkedin.com/in/vedant-vyas5/;https://www.linkedin.com/in/abhiaarya/,https://www.linkedin.com/in/rishi-srihari/;https://linkedin.com/in/abhiaarya;https://www.linkedin.com/in/vedant-vyas5/;https://www.linkedin.com/in/abhiaarya/,https://x.com/rishi_srihari;https://x.com/abh1a0;https://x.com/_vedantvyas;,,
WAYLINE,https://www.ycombinator.com/companies/wayline,"AI voice for property managers. Founded in 2025 by Jason Okra and Eric Rowell, WAYLINE has 2 employees based in . WAYLINE is hiring for 2 roles in engineering.",REAL ESTATE AND CONSTRUCTION,,Jason Okra;Eric Rowell,https://www.linkedin.com/in/okra;https://www.linkedin.com/in/errowell/,https://www.linkedin.com/in/okra;https://www.linkedin.com/in/errowell/,https://x.com/heyokra;https://twitter.com/ericdrowell,,
Mohi,https://www.ycombinator.com/companies/mohi,"Analyze and understand complex agent workflows with clarity. Founded in 2025 by Evan Seeyave, Mohi has 2 employees based in San Francisco, CA, USA.",B2B;OPERATIONS,,Evan Seeyave,https://www.linkedin.com/in/evanseeyave,https://www.linkedin.com/in/evanseeyave,,,
F4,https://www.ycombinator.com/companies/f4,"Automating compliance checks for engineering drawings. Founded in 2025 by Aidan Cantu and Paul Shin, F4 has 2 employees based in San Francisco, CA, USA.",INDUSTRIALS,,Paul Shin;Aidan Cantu,https://www.linkedin.com/in/paul-hyoungsang-shin/;https://www.linkedin.com/in/aidan-cantu/,https://www.linkedin.com/in/paul-hyoungsang-shin/;https://www.linkedin.com/in/aidan-cantu/,https://x.com/ur_hyoung;https://x.com/_aidan_cantu_,,
Luminal,https://www.ycombinator.com/companies/luminal,"Making AI run fast on any hardware. Founded in 2025 by Joe Fioti, Matthew Gunton, and Jake Stevens, Luminal has 3 employees based in . Luminal is hiring for 1 roles in engineering.",B2B;INFRASTRUCTURE,,Joe Fioti;Matthew Gunton;Jake Stevens;Luminal - PyTorch for Production;THE PROBLEM:,https://linkedin.com/in/joe-fioti-24a986189;https://www.linkedin.com/in/matthewjgunton/;https://linkedin.com/in/jake-stevens-;https://www.linkedin.com/in/joe-fioti-24a986189/;https://www.linkedin.com/in/joe-fioti-24a986189/,https://linkedin.com/in/joe-fioti-24a986189;https://www.linkedin.com/in/matthewjgunton/;https://linkedin.com/in/jake-stevens-;https://www.linkedin.com/in/joe-fioti-24a986189/;https://www.linkedin.com/in/joe-fioti-24a986189/,https://x.com/joefioti;https://x.com/matthewjgunton;https://x.com/stake_jevens;;,,
Metis,https://www.ycombinator.com/companies/metis,"Infrastructure to build reliable agents. Founded in 2025 by Aryan Shah, Aayush Sheth, and Marcus Yearwood, Metis has 7 employees based in San Francisco, CA, USA. Metis is hiring for 5 roles in engineering and operations.",B2B;INFRASTRUCTURE,,Aryan Shah;Aayush Sheth;Marcus Yearwood,https://www.linkedin.com/in/aryan-shah1/;https://linkedin.com/in/aasheth1;https://www.linkedin.com/in/marcus-yearwood?utm_source=share&utm_campaign=share_via&utm_content=profile&utm_medium=ios_app,https://www.linkedin.com/in/aryan-shah1/;https://linkedin.com/in/aasheth1;https://www.linkedin.com/in/marcus-yearwood?utm_source=share&utm_campaign=share_via&utm_content=profile&utm_medium=ios_app,;;,,
Fluidize,https://www.ycombinator.com/companies/fluidize,"Helping scientists and engineers run experiments with AI. . Founded in 2025 by Henry Bae, Alex Fleury, and Jamin Liu, Fluidize has 3 employees based in San Francisco, CA, USA.","B2B;ENGINEERING, PRODUCT AND DESIGN",,Henry Bae;Alex Fleury;Jamin Liu;Fluidize: AI-powered R&D,https://linkedin.com/in/henrybae;https://www.linkedin.com/in/victoralexfleury/;https://www.linkedin.com/in/jamin-liu-255277163;https://www.linkedin.com/in/victoralexfleury/,https://linkedin.com/in/henrybae;https://www.linkedin.com/in/victoralexfleury/;https://www.linkedin.com/in/jamin-liu-255277163;https://www.linkedin.com/in/victoralexfleury/,;https://x.com/alexfleury160;;,,
Albacore Inc.,https://www.ycombinator.com/companies/albacore-inc,"Autonomous undersea vehicles to deter maritime invasions. Founded in 2025 by John Huddleston and Dante Vaisbort, Albacore Inc. has 15 employees based in Philadelphia, PA, USA. Albacore Inc. is hiring for 3 roles in engineering.",GOVERNMENT,,John Huddleston;Dante Vaisbort;🌊 Albacore – Autonomous micro-submarines;TLDR:,https://www.linkedin.com/in/john-huddleston-3584121b7/;https://www.linkedin.com/in/dante-vaisbort/;https://www.linkedin.com/in/john-huddleston-3584121b7/;https://www.linkedin.com/in/john-huddleston-3584121b7/,https://www.linkedin.com/in/john-huddleston-3584121b7/;https://www.linkedin.com/in/dante-vaisbort/;https://www.linkedin.com/in/john-huddleston-3584121b7/;https://www.linkedin.com/in/john-huddleston-3584121b7/,;;;,,
Mimos,https://www.ycombinator.com/companies/mimos,"Helping companies rank in AI search. Founded in 2025 by Michael Korovkin and Rohit Sirosh, Mimos has 2 employees based in .",B2B,,Rohit Sirosh;Michael Korovkin,https://www.linkedin.com/in/rohit-sirosh/;https://www.linkedin.com/in/michael-korovkin/,https://www.linkedin.com/in/rohit-sirosh/;https://www.linkedin.com/in/michael-korovkin/,;,,
Stormy AI,https://www.ycombinator.com/companies/stormy-ai,"Al platform that makes social marketing as easy as running a Google…. Founded in 2024 by Robert Lukoszko, Stormy AI has 5 employees based in San Francisco, CA, USA.",B2B;MARKETING,,Robert Lukoszko,https://linkedin.com/in/karmedge,https://linkedin.com/in/karmedge,https://twitter.com/karmedge/,,
Autumn,https://www.ycombinator.com/companies/autumn,"Billing infrastructure for AI. Founded in 2025 by Ayush Rodrigues and John Yeo, Autumn has 2 employees based in . Autumn is hiring for 1 roles in engineering.",B2B,,Ayush Rodrigues;John Yeo,https://www.linkedin.com/in/ayushro/;https://www.linkedin.com/in/johnyeocx,https://www.linkedin.com/in/ayushro/;https://www.linkedin.com/in/johnyeocx,https://x.com/ay_ushr;https://x.com/johnyeo_,,
Nozomio,https://www.ycombinator.com/companies/nozomio,"Context augmentation for agents. Founded in 2025 by Arlan Rakhmetzhanov, Nozomio has 1 employees based in . Nozomio is hiring for 1 roles in engineering.","B2B;ENGINEERING, PRODUCT AND DESIGN",,Arlan Rakhmetzhanov,https://www.linkedin.com/in/arlan-rakhmetzhanov/,https://www.linkedin.com/in/arlan-rakhmetzhanov/,https://x.com/arlanrakh,,
NOSO LABS,https://www.ycombinator.com/companies/noso-labs,"Build AI agents for field technicians to diagnose and sell 10x better. Founded in 2025 by Winston Chi and Alex Xi, NOSO LABS has 3 employees based in . NOSO LABS is hiring for 1 roles in engineering.",INDUSTRIALS,,Winston Chi,https://www.linkedin.com/in/lwchi/,https://www.linkedin.com/in/lwchi/,,,
Eden,https://www.ycombinator.com/companies/tryeden,"Autonomous Marketing AI for Ecommerce Brands. Founded in 2025 by Jason He and Alex Talamonti, Eden has 2 employees based in New York, NY, USA.",B2B;MARKETING,,Alex Talamonti;Jason He,https://www.linkedin.com/in/alexander-talamonti/;https://www.linkedin.com/in/jasonjche/,https://www.linkedin.com/in/alexander-talamonti/;https://www.linkedin.com/in/jasonjche/,https://x.com/AlexTalamonti;https://x.com/jasonjche,,
VibeFlow,https://www.ycombinator.com/companies/vibeflow,"Shopify for saas. Founded in 2025 by Alessia Paccagnella and Elia Saquand, VibeFlow has 0 employees based in . VibeFlow is hiring for 1 roles in engineering.",B2B,,Alessia Paccagnella;Elia Saquand,https://www.linkedin.com/in/alepacca;https://www.linkedin.com/in/elia-saquand-bb977b18a/,https://www.linkedin.com/in/alepacca;https://www.linkedin.com/in/elia-saquand-bb977b18a/,https://x.com/alessiapacca;,,
Nuntius,https://www.ycombinator.com/companies/nuntius,"Making Models Follow Rules. Founded in 2025 by , Nuntius has 2 employees based in San Francisco, CA, USA.",B2B;INFRASTRUCTURE,,,,,,,
Comena,https://www.ycombinator.com/companies/comena,"AI agents for distributors and manufacturers to automate order entry. Founded in 2025 by Almo Sutedjo and Jiehua Wu, Comena has 2 employees based in . Comena is hiring for 3 roles in engineering.",B2B;SUPPLY CHAIN AND LOGISTICS,,Jiehua Wu;Almo Sutedjo,https://www.linkedin.com/in/jiehua-wu/;https://www.linkedin.com/in/almo-sutedjo/,https://www.linkedin.com/in/jiehua-wu/;https://www.linkedin.com/in/almo-sutedjo/,;,,
Riff,https://www.ycombinator.com/companies/riff,"Cursor for music production. Founded in 2025 by Adith Reddi and Kenny Zhang, Riff has 2 employees based in San Francisco, CA, USA.",CONSUMER,,Adith Reddi;Kenny Zhang,https://www.linkedin.com/in/adithreddi/;https://www.linkedin.com/in/kenny-zhang-jinlin/,https://www.linkedin.com/in/adithreddi/;https://www.linkedin.com/in/kenny-zhang-jinlin/,https://x.com/adithreddi;https://x.com/Zerkka0819,,
Stockline,https://www.ycombinator.com/companies/stockline,"AI-native ERP for food wholesalers. Founded in 2025 by Moncef DJAFRI and Mariem Ould Ismail, Stockline has 2 employees based in San Francisco, CA, USA.",B2B,,Mariem Ould Ismail;Moncef DJAFRI,https://www.linkedin.com/in/mariem-ould-ismail-b45917262/;https://www.linkedin.com/in/moncef-djafri-100425247/,https://www.linkedin.com/in/mariem-ould-ismail-b45917262/;https://www.linkedin.com/in/moncef-djafri-100425247/,;,,
Normal,https://www.ycombinator.com/companies/normal,"Modern compliance for drones, robots, IoT, and beyond. Founded in 2025 by Hudhayfa Nazoordeen and Anson Yu, Normal has 2 employees based in San Francisco, CA, USA.",INDUSTRIALS,,Anson Yu;Hudhayfa Nazoordeen,https://www.linkedin.com/in/anson-yu-231336141/;https://linkedin.com/in/hudzah,https://www.linkedin.com/in/anson-yu-231336141/;https://linkedin.com/in/hudzah,https://x.com/ansonyuu;https://x.com/hud_zah,,
DeepAware AI,https://www.ycombinator.com/companies/deepaware-ai,"Help AI data centers unlock more compute and become more efficient. Founded in 2025 by Jerry Huang and Stela Tong, DeepAware AI has 2 employees based in San Francisco, CA, USA. DeepAware AI is hiring for 3 roles in sales and engineering.",B2B;INFRASTRUCTURE,,Jerry Huang;Stela Tong;DeepAware - Automation for next-gen AI data centers,https://www.linkedin.com/in/jerryh01/;https://www.linkedin.com/in/stela-tong-a2583110b/;https://www.linkedin.com/company/deepaware/,https://www.linkedin.com/in/jerryh01/;https://www.linkedin.com/in/stela-tong-a2583110b/;https://www.linkedin.com/company/deepaware/,https://x.com/jerryhuang01;;,,
Keystone,https://www.ycombinator.com/companies/keystone,"Your team's on-call AI engineer. Founded in 2025 by Pablo Hansen, Keystone has 1 employees based in San Francisco, CA, USA.","B2B;ENGINEERING, PRODUCT AND DESIGN",,Pablo Hansen,https://linkedin.com/in/pablo-hansen,https://linkedin.com/in/pablo-hansen,https://x.com/thepablohansen,,
Blue,https://www.ycombinator.com/companies/blue,"The first voice assistant that can control every app on your iPhone. Founded in 2024 by Omar Abdelaziz, Farhan Hossain, and Peter Krogh, Blue has 4 employees based in Santa Clara, CA, USA.",CONSUMER,,Omar Abdelaziz;Farhan Hossain;Peter Krogh,https://linkedin.com/in/oabdelaziz/;https://www.linkedin.com/in/mfarhanh/;https://www.linkedin.com/in/peter-krogh-820273/,https://linkedin.com/in/oabdelaziz/;https://www.linkedin.com/in/mfarhanh/;https://www.linkedin.com/in/peter-krogh-820273/,https://x.com/OmarAbcXyz123;https://x.com/FarhanBuilds;,,
Channel3,https://www.ycombinator.com/companies/channel3,"Database of every product on the internet. Founded in 2025 by George Lawrence and Alexander Schiff, Channel3 has 2 employees based in New York, NY, USA.",B2B;RETAIL,,Alexander Schiff;George Lawrence;Channel3: A database of every product on the internet,https://linkedin.com/in/alexanderschiff;https://linkedin.com/in/george-lawrence-aab0011a6;https://www.linkedin.com/in/george-lawrence-aab0011a6/,https://linkedin.com/in/alexanderschiff;https://linkedin.com/in/george-lawrence-aab0011a6;https://www.linkedin.com/in/george-lawrence-aab0011a6/,https://x.com/schiffyalex;;,,
GhostEye,https://www.ycombinator.com/companies/ghosteye,"Human-Centric Security Validation. Founded in 2025 by Mohammad Eshan and Charles Antoine Malenfant, GhostEye has 2 employees based in New York, NY, USA.",B2B;SECURITY,,Mohammad Eshan;Charles Antoine Malenfant,https://www.linkedin.com/in/moheshan/;https://www.linkedin.com/in/charles-antoine-malenfant-618776b9/,https://www.linkedin.com/in/moheshan/;https://www.linkedin.com/in/charles-antoine-malenfant-618776b9/,;,,
DeepGrove,https://www.ycombinator.com/companies/deepgrove,"Frontier Intelligence. On Any Device. Founded in 2025 by Shayaan Emran and Edward Zhang, DeepGrove has 2 employees based in . DeepGrove is hiring for 1 roles in engineering.",B2B,,,,,,,
Epicenter,https://www.ycombinator.com/companies/epicenter,"A database for your mind, built on plain text. Founded in 2025 by Braden Wong, Epicenter has 1 employees based in San Francisco, CA, USA.",CONSUMER,,Braden Wong,https://www.linkedin.com/in/braden-wong/,https://www.linkedin.com/in/braden-wong/,,,
Candytrail,https://www.ycombinator.com/companies/candytrail,"AI agents for in-person sales teams, starting with coaching. Founded in 2025 by Ayush Mahna and Aditya Mahna, Candytrail has 2 employees based in San Francisco, CA, USA.",B2B;SALES,,Aditya Mahna;Ayush Mahna,https://www.linkedin.com/in/aditya-mahna-b57256325/;https://www.linkedin.com/in/ayush-mahna-34r,https://www.linkedin.com/in/aditya-mahna-b57256325/;https://www.linkedin.com/in/ayush-mahna-34r,;https://x.com/mahnaayush?s=21,,
Frizzle,https://www.ycombinator.com/companies/frizzle,"Shyam (CTO) was a Machine Learning Engineer at Microsoft, holds a patent in LLM applications, and co-founded the Midwest Math Circle, which has served hundreds of students for more than a decade. He holds a Bachelor’s in Artificial Intelligence and Computer Science from Carnegie Mellon University.",EDUCATION,,Abhay Gupta;Shyam Sai;Frizzle 📝 AI Grading for Math Teachers,https://www.linkedin.com/in/abhaygupta-/;https://www.linkedin.com/in/shyamsai;https://www.linkedin.com/in/abhaygupta-/,https://www.linkedin.com/in/abhaygupta-/;https://www.linkedin.com/in/shyamsai;https://www.linkedin.com/in/abhaygupta-/,https://x.com/abhaygupta_eth;;,,
Embedder,https://www.ycombinator.com/companies/embedder,"Coding Agent for Firmware. Founded in 2025 by Ethan Gibbs and Bob Wei, Embedder has 2 employees based in . Embedder is hiring for 2 roles in engineering.","B2B;ENGINEERING, PRODUCT AND DESIGN",,Ethan Gibbs;Bob Wei,https://www.linkedin.com/in/etgibbs/;https://www.linkedin.com/in/jiachew,https://www.linkedin.com/in/etgibbs/;https://www.linkedin.com/in/jiachew,https://x.com/ethanmgibbs;https://x.com/imbobwei,,
Flai,https://www.ycombinator.com/companies/flai,"We Bring Customers to Your Dealership. Founded in 2025 by Juan Alzugaray, Alen Polakof, and Ari Polakof, Flai has 3 employees based in San Francisco, CA, USA.",INDUSTRIALS;AUTOMOTIVE,,Ari Polakof;Juan Alzugaray;Alen Polakof,https://www.linkedin.com/in/ari-polakof-78b976150/;https://www.linkedin.com/in/jfalzugaray/;https://www.linkedin.com/in/alenpolakof,https://www.linkedin.com/in/ari-polakof-78b976150/;https://www.linkedin.com/in/jfalzugaray/;https://www.linkedin.com/in/alenpolakof,;;,,
Alter,https://www.ycombinator.com/companies/alter,"Secure access control and authorization platform for agent workflows. Founded in 2025 by Srikar Dandamuraju and Kevan Dodhia, Alter has 2 employees based in New York, NY, USA.",B2B;SECURITY,,Srikar Dandamuraju;Kevan Dodhia,https://linkedin.com/in/srikar-d-473390136;https://linkedin.com/in/kevan-dodhia-760183129,https://linkedin.com/in/srikar-d-473390136;https://linkedin.com/in/kevan-dodhia-760183129,https://x.com/realsreeks;,,
OnDeck AI,https://www.ycombinator.com/companies/ondeck-ai,"Analyze any footage, without training a model. Founded in 2025 by Alexander Dungate and Sepand Dyanatkar, OnDeck AI has 6 employees based in . OnDeck AI is hiring for 2 roles in engineering.",B2B;ANALYTICS,,"Alexander Dungate;Sepand Dyanatkar;OnDeck AI - Analyze any video, without training a model.;TL;DR",https://www.linkedin.com/in/alexander-dungate/;https://linkedin.com/in/sepandd;https://www.linkedin.com/company/ondeckai/;https://www.linkedin.com/company/ondeckai/,https://www.linkedin.com/in/alexander-dungate/;https://linkedin.com/in/sepandd;https://www.linkedin.com/company/ondeckai/;https://www.linkedin.com/company/ondeckai/,;https://x.com/SepandD;https://x.com/ondeckai;https://x.com/ondeckai,,
b-12,https://www.ycombinator.com/companies/b-12,"Chemical Copilot for Pharma and Biotech. Founded in 2025 by Andres Bran and Zlatko Jončev, b-12 has 2 employees based in San Francisco, CA, USA.",HEALTHCARE;DRUG DISCOVERY AND DELIVERY,,Zlatko Jončev;Andres Bran,https://www.linkedin.com/in/zlatkojoncev/;https://www.linkedin.com/in/andrescmb,https://www.linkedin.com/in/zlatkojoncev/;https://www.linkedin.com/in/andrescmb,https://x.com/ZJoncev;https://x.com/drecmb,,
Fulcrum,https://www.ycombinator.com/companies/fulcrum,"The agentic debugger for AI systems. Founded in 2025 by Uzay Girit and Kaivalya Hariharan, Fulcrum has 2 employees based in San Francisco, CA, USA.",B2B;ANALYTICS,,Kaivalya Hariharan;Uzay Girit,https://www.linkedin.com/in/kaivu-hariharan/;https://www.linkedin.com/in/uzay-girit-a208161a2/,https://www.linkedin.com/in/kaivu-hariharan/;https://www.linkedin.com/in/uzay-girit-a208161a2/,https://x.com/KaivuHariharan;https://x.com/uzpg_,,
RealRoots,https://www.ycombinator.com/companies/realroots,"AI social app for female transplants. Founded in 2024 by Tara Kappel and Dorothy Li, RealRoots has 4 employees based in San Francisco, CA, USA. RealRoots is hiring for 2 roles in engineering and operations.",CONSUMER;SOCIAL,,Dorothy Li;Tara Kappel,https://linkedin.com/in/dorothy-li-994a2213;https://linkedin.com/in/tara-kappel-5baa6095,https://linkedin.com/in/dorothy-li-994a2213;https://linkedin.com/in/tara-kappel-5baa6095,;,,
Janet AI,https://www.ycombinator.com/companies/tryjanet,"The AI-Native Jira. Founded in 2025 by William Barthell and Adhit Sankaran, Janet AI has 2 employees based in San Francisco, CA, USA.",B2B,,Adhit Sankaran;William Barthell;Janet AI - The AI-Native Ticket Triage and Management Layer for Jira,https://www.linkedin.com/in/adhitsankaran/;https://www.linkedin.com/in/william-barthell/;https://www.linkedin.com/in/adhitsankaran/,https://www.linkedin.com/in/adhitsankaran/;https://www.linkedin.com/in/william-barthell/;https://www.linkedin.com/in/adhitsankaran/,;;,,
Lilac,https://www.ycombinator.com/companies/lilac,"Spot GPUs that use idle GPUs from enterprises. Founded in 2025 by Ryan Ewing and Lucas Ewing, Lilac has 2 employees based in San Francisco, CA, USA.",B2B,,Ryan Ewing;Lucas Ewing,https://www.linkedin.com/in/rjewing/;https://www.linkedin.com/in/lucasboewing/,https://www.linkedin.com/in/rjewing/;https://www.linkedin.com/in/lucasboewing/,;,,
The Interface,https://www.ycombinator.com/companies/the-interface,"The foundations for AI-native media. Founded in 2025 by Max Raven and Peyton Shields, The Interface has 2 employees based in New York, NY, USA.",CONSUMER,,Max Raven;Peyton Shields,https://www.linkedin.com/in/ravenmax/;https://www.linkedin.com/in/peyton-shields,https://www.linkedin.com/in/ravenmax/;https://www.linkedin.com/in/peyton-shields,;https://x.com/peytonshields_,,
Panels,https://www.ycombinator.com/companies/panels,"Audio Data for AI Labs. Founded in 2025 by Jason Le and Aaron Wenk, Panels has 2 employees based in San Francisco, CA, USA.","B2B;ENGINEERING, PRODUCT AND DESIGN",,Aaron Wenk;Jason Le,https://www.linkedin.com/in/aaron-wenk;https://www.linkedin.com/in/jale,https://www.linkedin.com/in/aaron-wenk;https://www.linkedin.com/in/jale,;,,
Louiza Labs,https://www.ycombinator.com/companies/louiza-labs,"Simulated human biology and synthetic medical datasets. Founded in 2025 by Larissa Tyagi, Louiza Labs has 2 employees based in San Francisco, CA, USA.",HEALTHCARE,,Larissa Tyagi,https://www.linkedin.com/in/larissatyagi100/,https://www.linkedin.com/in/larissatyagi100/,,,
Herdora,https://www.ycombinator.com/companies/herdora,"Fast AI Inference. Founded in 2025 by Emilio Andere and Steven Arellano, Herdora has 2 employees based in San Francisco, CA, USA. Herdora is hiring for 3 roles in engineering.","B2B;ENGINEERING, PRODUCT AND DESIGN",,Emilio Andere;Steven Arellano,https://linkedin.com/in/emi-andere;https://www.linkedin.com/in/stevenjarellano/,https://linkedin.com/in/emi-andere;https://www.linkedin.com/in/stevenjarellano/,https://x.com/technoabsurdist;https://x.com/gpusteve,,
Parachute,https://www.ycombinator.com/companies/parachute,"Infrastructure for hospitals to monitor and deploy clinical AI . Founded in 2025 by Aria Vikram and Tony Yamin, Parachute has 2 employees based in San Francisco, CA, USA.",HEALTHCARE;HEALTHCARE IT,,Aria Vikram;Tony Yamin,https://www.linkedin.com/in/aria-vikram/;https://www.linkedin.com/in/tyamin,https://www.linkedin.com/in/aria-vikram/;https://www.linkedin.com/in/tyamin,;,,
Orange Slice,https://www.ycombinator.com/companies/orange-slice,"AI agents that find you customers who already want to buy. Founded in 2025 by Vihaar Nandigala and Kishan Sripada, Orange Slice has 2 employees based in San Francisco, CA, USA.",B2B;SALES,,Vihaar Nandigala;Kishan Sripada,https://www.linkedin.com/in/vihaar-nandigala/;https://www.linkedin.com/in/kishansripada/,https://www.linkedin.com/in/vihaar-nandigala/;https://www.linkedin.com/in/kishansripada/,https://twitter.com/VihaarNandigala;,,
Qualify.bot,https://www.ycombinator.com/companies/qualify-bot,"AI phone agents for Commercial Lending . Founded in 2025 by Rohan Datta and Yash Goenka, Qualify.bot has 2 employees based in San Francisco, CA, USA.",B2B;FINANCE AND ACCOUNTING,,Rohan Datta;Yash Goenka;Qualify.bot ☎️ - AI phone agents for Commercial Lenders;THE PROBLEM 🤯,https://linkedin.com/in/rohan-datta-2500;https://linkedin.com/in/yashvg;https://www.linkedin.com/company/qualify-bot;https://www.linkedin.com/company/qualify-bot,https://linkedin.com/in/rohan-datta-2500;https://linkedin.com/in/yashvg;https://www.linkedin.com/company/qualify-bot;https://www.linkedin.com/company/qualify-bot,;https://x.com/theyashgoenka;;,,
Riverbank Security,https://www.ycombinator.com/companies/riverbank-security,"AI-native Red Teaming and Offensive Security . Founded in 2025 by Prat Mallick and Carter Pry, Riverbank Security has 2 employees based in San Francisco, CA, USA.",B2B,,Prat Mallick;Carter Pry,https://linkedin.com/in/mallickprat;https://linkedin.com/in/carterpry,https://linkedin.com/in/mallickprat;https://linkedin.com/in/carterpry,http://twitter.com/pratmallick;https://x.com/carterlpry,,
Stellon Labs,https://www.ycombinator.com/companies/stellon-labs,"Building tiny frontier AI models that run on edge devices. Founded in 2025 by Divam Gupta and Rohan Joshi, Stellon Labs has 2 employees based in San Francisco, CA, USA.","B2B;ENGINEERING, PRODUCT AND DESIGN",,Rohan Joshi;Divam Gupta,https://linkedin.com/in/rohan-m-joshi;https://linkedin.com/in/divamgupta,https://linkedin.com/in/rohan-m-joshi;https://linkedin.com/in/divamgupta,;https://x.com/divamgupta,,
Design Arena,https://www.ycombinator.com/companies/design-arena,"World's largest crowdsourced benchmark for AI-generated design. Founded in 2025 by Grace Li and Kamryn Ohly, Design Arena has 3 employees based in San Francisco, CA, USA.",CONSUMER,,Grace Li;Kamryn Ohly,https://www.linkedin.com/in/grace-li-721a4017b/;https://www.linkedin.com/in/kamrynohly/,https://www.linkedin.com/in/grace-li-721a4017b/;https://www.linkedin.com/in/kamrynohly/,https://x.com/grx_xce;https://x.com/kamrynohly,,
BootLoop,https://www.ycombinator.com/companies/bootloop,"Firmware in minutes, not months - rigorously tested on real hardware. Founded in 2025 by Chris Markus and Noah Pacik-Nelson, BootLoop has 2 employees based in San Francisco, CA, USA.","B2B;ENGINEERING, PRODUCT AND DESIGN",,Noah Pacik-Nelson;Chris Markus,https://www.linkedin.com/in/noah-pacik-nelson/;https://www.linkedin.com/in/chris-markus/,https://www.linkedin.com/in/noah-pacik-nelson/;https://www.linkedin.com/in/chris-markus/,https://x.com/noahpaciknelson;https://x.com/chrism4rkus,,
EffiGov,https://www.ycombinator.com/companies/effigov,"The AI OS for Cities. Founded in 2025 by Aden Clemente and Aubteen Pour-Biazar, EffiGov has 2 employees based in San Francisco, CA, USA.",GOVERNMENT,,Aubteen Pour-Biazar;Aden Clemente,https://www.linkedin.com/in/aubteen-pour-biazar/;https://www.linkedin.com/in/aden-clemente,https://www.linkedin.com/in/aubteen-pour-biazar/;https://www.linkedin.com/in/aden-clemente,https://x.com/AubteenPB;https://x.com/adencle,,
Nox Metals,https://www.ycombinator.com/companies/nox-metals,"The modern factory for fast, low-cost metals. . Founded in 2025 by Zane Hengsperger, Nox Metals has 2 employees based in Detroit, MI, USA. Nox Metals is hiring for 1 roles in engineering.",INDUSTRIALS;MANUFACTURING AND ROBOTICS,,Zane Hengsperger,https://www.linkedin.com/in/zanehh/,https://www.linkedin.com/in/zanehh/,https://x.com/zanehengsperger,,
Uplift AI,https://www.ycombinator.com/companies/uplift-ai,"Foundational Voice Models for regional languages. Founded in 2024 by Muhammad Bin Sabir, Hammad Malik, and Zaid Qureshi, Uplift AI has 5 employees based in .",B2B,,Hammad Malik;Muhammad Bin Sabir;Zaid Qureshi,https://www.linkedin.com/in/hammad2;https://linkedin.com/in/muhammad-sabir;https://linkedin.com/in/zaidqureshi,https://www.linkedin.com/in/hammad2;https://linkedin.com/in/muhammad-sabir;https://linkedin.com/in/zaidqureshi,;https://x.com/muhammadbsabir;https://x.com/zqureshi_,,
Induction Labs,https://www.ycombinator.com/companies/induction-labs,"Training the best computer use models in the world. Automate anything. Founded in 2025 by Jeffrey Li and Jonathan Li, Induction Labs has 2 employees based in .",B2B;PRODUCTIVITY,,Jonathan Li;Jeffrey Li,https://www.linkedin.com/in/jonatli/;https://linkedin.com/in/jeffrey-dot-li,https://www.linkedin.com/in/jonatli/;https://linkedin.com/in/jeffrey-dot-li,;,,
Topological,https://www.ycombinator.com/companies/topological,"Physics-based foundation models for CAD optimization. Founded in 2025 by Zeyneb Kaya and Nicole Ma, Topological has 2 employees based in .","B2B;ENGINEERING, PRODUCT AND DESIGN",,Nicole Ma;Zeyneb Kaya,https://www.linkedin.com/in/ma06nicole/;https://www.linkedin.com/in/zeyneb-kaya/,https://www.linkedin.com/in/ma06nicole/;https://www.linkedin.com/in/zeyneb-kaya/,;https://x.com/zeynebnkaya,,
Lark,https://www.ycombinator.com/companies/lark,"AI Native Billing Platform. Founded in 2025 by Jack Brown and Vijit Dhingra, Lark has 2 employees based in San Francisco, CA, USA.",B2B;OPERATIONS,,Vijit Dhingra;Jack Brown;Lark: AI Agents for Billing,https://www.linkedin.com/in/vijitdhingra/;https://www.linkedin.com/in/jackcbrown/;https://www.linkedin.com/in/vijitdhingra/,https://www.linkedin.com/in/vijitdhingra/;https://www.linkedin.com/in/jackcbrown/;https://www.linkedin.com/in/vijitdhingra/,https://x.com/VijitDhingra1;;,,
Slashy,https://www.ycombinator.com/companies/slashy,"AI Native Ops Layer for Business Workflows. Founded in 2025 by Pranjali Awasthi, Harsha Gaddipati, and Dhruv Roongta, Slashy has 3 employees based in San Francisco, CA, USA.",B2B;PRODUCTIVITY,,Pranjali Awasthi;Harsha Gaddipati;Dhruv Roongta,https://www.linkedin.com/in/pranjali-awasthi-neuro/;https://www.linkedin.com/in/harsha-gaddipati-032bb820a/;https://www.linkedin.com/in/dhruv-roongta-421a7b214/,https://www.linkedin.com/in/pranjali-awasthi-neuro/;https://www.linkedin.com/in/harsha-gaddipati-032bb820a/;https://www.linkedin.com/in/dhruv-roongta-421a7b214/,https://x.com/raidingAI;https://x.com/GaddipatiHarsha;,,
Wedge,https://www.ycombinator.com/companies/wedge,"Palantir for Healthcare AI Agents. Founded in 2025 by Devraj Gopal and Steven Segawa, Wedge has 2 employees based in San Francisco, CA, USA.",HEALTHCARE,,Devraj Gopal;Steven Segawa;Wedge: Palantir for Health AI Agents,https://www.linkedin.com/in/devraj-gopal-6a5865284;https://www.linkedin.com/in/steven-segawa/;https://www.linkedin.com/in/dev-gopal/,https://www.linkedin.com/in/devraj-gopal-6a5865284;https://www.linkedin.com/in/steven-segawa/;https://www.linkedin.com/in/dev-gopal/,;https://x.com/ssegawa123;,,
CareSwift,https://www.ycombinator.com/companies/careswift,"AI scribe for Ambulance Reports. Founded in 2025 by John Paul Mussalli, Brian Weigand, and Jonathan Zero, CareSwift has 3 employees based in San Francisco, CA, USA. CareSwift is hiring for 1 roles in engineering.",HEALTHCARE,,Brian Weigand;John Paul Mussalli;Jonathan Zero,https://www.linkedin.com/in/brian-weigand/;https://www.linkedin.com/in/jpmussalli/;https://www.linkedin.com/in/jonathanzero/,https://www.linkedin.com/in/brian-weigand/;https://www.linkedin.com/in/jpmussalli/;https://www.linkedin.com/in/jonathanzero/,;;,,
datafruit,https://www.ycombinator.com/companies/datafruit,"AI DevOps Engineer. Founded in 2025 by Venkat Arun, Abhiram Chennupati, Tom Jeong, and Nick Papciak, datafruit has 4 employees based in San Francisco, CA, USA.","B2B;ENGINEERING, PRODUCT AND DESIGN",,Venkat Arun;Abhiram Chennupati;Tom Jeong;Nick Papciak,https://www.linkedin.com/in/venkat-arun-22677b223/;https://www.linkedin.com/in/abhiram-chennupati-b02058198/;https://www.linkedin.com/in/tomwsjeong/;https://www.linkedin.com/in/nickpapciak,https://www.linkedin.com/in/venkat-arun-22677b223/;https://www.linkedin.com/in/abhiram-chennupati-b02058198/;https://www.linkedin.com/in/tomwsjeong/;https://www.linkedin.com/in/nickpapciak,;https://x.com/chendotnet;https://x.com/TommyLovesSosa;https://x.com/completely_np,,
Pangolin,https://www.ycombinator.com/companies/pangolin,"Open-source alternative to Cloudflare Tunnels. Founded in 2025 by Milo Schwartz and Owen Schwartz, Pangolin has 2 employees based in . Pangolin is hiring for 1 roles in engineering.",B2B;INFRASTRUCTURE,,Milo Schwartz;Owen Schwartz,https://www.linkedin.com/in/miloaschwartz/;https://www.linkedin.com/in/owenschwartz,https://www.linkedin.com/in/miloaschwartz/;https://www.linkedin.com/in/owenschwartz,;,,
Kestroll,https://www.ycombinator.com/companies/kestroll,"We met in our freshman year, built one of the largest student-run startup accelerators in Boston during our sophomore year, and cofounded an AI language tutor in our senior year. Before building Kestroll, Ben worked as a founding engineer and Tom as a founding sales at seed-stage YC companies. Tom is also a videographer and felt this problem personally.",B2B;MARKETING,,Benjamin Skinner;Tom Yang,https://linkedin.com/in/ben-skinner-profile;https://linkedin.com/in/tom-yang11,https://linkedin.com/in/ben-skinner-profile;https://linkedin.com/in/tom-yang11,https://x.com/Benjmin_skinner;,,
Liva AI,https://www.ycombinator.com/companies/liva-ai,"Scale AI for video and voice data. Founded in 2025 by Ashley Mo and Aoi Otani, Liva AI has 2 employees based in San Francisco, CA, USA. Liva AI is hiring for 1 roles in operations.",B2B,,Ashley Mo;Aoi Otani,https://www.linkedin.com/in/ashley-mo/;https://linkedin.com/in/aoi-otani-ab3a1b205,https://www.linkedin.com/in/ashley-mo/;https://linkedin.com/in/aoi-otani-ab3a1b205,https://x.com/ashlleymo;https://x.com/bigvalleyblue,,
Pharmie AI,https://www.ycombinator.com/companies/pharmie-ai,"The first AI pharmacy technician. Founded in 2025 by Neer Jain and Aniruddh Sriram, Pharmie AI has 2 employees based in San Francisco, CA, USA.",HEALTHCARE;HEALTHCARE IT,,Aniruddh Sriram;Neer Jain,https://www.linkedin.com/in/aniruddh-sriram/;https://www.linkedin.com/in/neer-jain/,https://www.linkedin.com/in/aniruddh-sriram/;https://www.linkedin.com/in/neer-jain/,;,,
Tesora,https://www.ycombinator.com/companies/tesora,"Digital employees for manufacturing operations. Founded in 2025 by Vivek Rao and Federico Reyes Gomez, Tesora has 2 employees based in San Francisco, CA, USA.",B2B;SUPPLY CHAIN AND LOGISTICS,,Vivek Rao;Federico Reyes Gomez,https://www.linkedin.com/in/vivek-r-928871173/;https://www.linkedin.com/in/federico-reyes-gomez,https://www.linkedin.com/in/vivek-r-928871173/;https://www.linkedin.com/in/federico-reyes-gomez,;,,
Pond,https://www.ycombinator.com/companies/pond,"Superhuman for text messages. Founded in 2025 by Aagam Dalal and Brian Williams, Pond has 2 employees based in San Francisco, CA, USA.",B2B;PRODUCTIVITY,,Aagam Dalal;Brian Williams,https://linkedin.com/in/aagam-dalal;https://www.linkedin.com/in/brian-edward-williams/,https://linkedin.com/in/aagam-dalal;https://www.linkedin.com/in/brian-edward-williams/,https://x.com/aagdalal;,,